x,y,radius,label
1105.8704471162723,1786.1499340317853,1.5168381402147657,
1126.0147253563507,1826.2942122718641,11.516838140214766,
1162.3726909603952,1890.513359628134,1.5168381402147657,
1122.084134480238,1919.848512958902,1.5168381402147657,
1122.084134480238,1939.848512958902,1.5168381402147657,
