x,y,radius,label
3625.9668914039794,1658.555462949374,8.19220779220779,
3792.750850613938,1395.5129492282044,61.19220779220779,
4121.5481299635885,1054.967102414648,8.19220779220779,
3916.954545454545,1485.0714285714282,8.19220779220779,
3916.954545454545,1505.0714285714282,8.19220779220779,
