x,y,radius,label
2258.6139063463092,2349.131584300421,5.0,
2173.679031649322,2212.4205109672243,32.0,
2089.134714185675,2006.4497113534921,10.0,
2222.026778304085,2216.243343742396,10.0,
2167.815125189211,2259.1056644695,10.0,
