x,y,radius,label
1112.596774798073,1783.68881767583,1.3881205374711885,
1121.809964206068,1823.6507280598187,12.388120537471188,
1161.7337849740443,1881.5271734037963,1.3881205374711885,
1126.9284027660647,1912.7877382357897,1.3881205374711885,
1126.9284027660647,1932.7877382357897,1.3881205374711885,
