x,y,radius,label
3383.5005709096613,2122.0828154959167,10.15600349191022,N
3487.251818121742,1772.7131737729683,61.15600349191022,M
3686.2413896977314,1380.6877079215076,123.15600349191021,T
3536.4139475699276,1655.8625702954237,53.15600349191021,S
3440.2635243294285,1893.5805721373886,66.15600349191021,S
