x,y,radius,label
2316.297733302865,2097.195315111737,5.0,N
2366.5759871441687,2054.5177751541387,16.0,M
2448.590941886396,1967.3768857405216,5.0,T
