x,y,radius,label
2066.0117063449784,1751.7483998053438,3.1584415584415524,
2073.2407571628482,1661.310181275165,15.158441558441552,
2090.2891921284986,1566.1230183068176,3.1584415584415524,
2086.045454545454,1731.824675324675,3.1584415584415524,
2086.045454545454,1751.824675324675,3.1584415584415524,
