x,y,radius,label
1105.2765579560141,1788.458555022309,1.2604711306010017,
1126.0942388976625,1823.328327123486,12.260471130601001,
1162.2065425719493,1879.8654814292354,1.2604711306010017,
1132.4669983695953,1913.4607016360258,1.2604711306010017,
1132.4669983695953,1933.4607016360258,1.2604711306010017,
