x,y,radius,label
3202.4645999162126,2543.898408043569,7.007792207792209,
3057.3687870309423,2558.008427684589,31.007792207792207,
2816.7534562211977,2565.5312107247587,7.007792207792209,
3008.902597402597,2615.2012987012986,7.007792207792209,
3008.902597402597,2635.2012987012986,7.007792207792209,
