x,y,radius,label
3397.3294873139293,2114.5966857890985,10.0,N
3486.4767512887784,1783.4782767396582,10.0,M
120,50,10.0,T
120,70,10.0,L
120,90,10.0,R
