x,y,radius,label
2407.989078190039,1242.0428632760384,1.8746837578006443,
2440.112988181212,1281.317209270742,10.874683757800645,
2473.950173371914,1321.019874065328,1.8746837578006443,
2458.530696576151,1374.0004216562652,1.8746837578006443,
2458.530696576151,1394.0004216562652,1.8746837578006443,
