x,y,radius,label
3621.5490425505905,1666.803761611264,10.0,N
3782.4406515321107,1404.235880516904,58.0,M
4123.791767884795,1062.1647065054797,10.0,T
3765.0469640746487,1505.9121526297442,10.0,L
3682.4269486517064,1422.9171882327848,10.0,R
